{
    "panSpeed": 0.019999999552965164,
    "perspectiveCullingMask": -1,
    "perspectiveFarClip": 4000.0,
    "perspectiveFovY": 30.939720153808594,
    "perspectiveNearClip": 0.10000000149011612,
    "rotateSpeed": 0.004999999888241291,
    "transform3D.pos": {
        "x": 10.188276290893555,
        "y": 13.543915748596191,
        "z": -28.076894760131836
    },
    "transform3D.rotation": {
        "x": 19.60904884338379,
        "y": 4.021110534667969,
        "z": 0.0
    },
    "zoomRate": 0.4000000059604645
}