{
    "panSpeed": 0.019999999552965164,
    "perspectiveCullingMask": -1,
    "perspectiveFarClip": 4000.0,
    "perspectiveFovY": 30.939720153808594,
    "perspectiveNearClip": 0.10000000149011612,
    "rotateSpeed": 0.004999999888241291,
    "transform3D.pos": {
        "x": -14.853866577148438,
        "y": 3.51932430267334,
        "z": -4.334066390991211
    },
    "transform3D.rotation": {
        "x": 7.00399112701416,
        "y": 75.35437774658203,
        "z": 0.0
    },
    "zoomRate": 0.4000000059604645
}