{
    "panSpeed": 0.019999999552965164,
    "perspectiveCullingMask": -1,
    "perspectiveFarClip": 4000.0,
    "perspectiveFovY": 30.939720153808594,
    "perspectiveNearClip": 0.10000000149011612,
    "rotateSpeed": 0.004999999888241291,
    "transform3D.pos": {
        "x": 6.964787006378174,
        "y": 4.96206521987915,
        "z": -14.356668472290039
    },
    "transform3D.rotation": {
        "x": 14.166011810302734,
        "y": -21.73638153076172,
        "z": 0.0
    },
    "zoomRate": 0.4000000059604645
}