{
    "panSpeed": 0.019999999552965164,
    "perspectiveCullingMask": -1,
    "perspectiveFarClip": 4000.0,
    "perspectiveFovY": 30.939720153808594,
    "perspectiveNearClip": 0.10000000149011612,
    "rotateSpeed": 0.004999999888241291,
    "transform3D.pos": {
        "x": 3.414994955062866,
        "y": 6.715677738189697,
        "z": -21.185014724731445
    },
    "transform3D.rotation": {
        "x": 14.45242977142334,
        "y": -9.156859397888184,
        "z": 0.0
    },
    "zoomRate": 0.4000000059604645
}