{
    "panSpeed": 0.019999999552965164,
    "perspectiveCullingMask": -1,
    "perspectiveFarClip": 4000.0,
    "perspectiveFovY": 30.939720153808594,
    "perspectiveNearClip": 0.10000000149011612,
    "rotateSpeed": 0.004999999888241291,
    "transform3D.pos": {
        "x": 23.197284698486328,
        "y": 14.456336975097656,
        "z": -28.381507873535156
    },
    "transform3D.rotation": {
        "x": 20.18206024169922,
        "y": -37.492698669433594,
        "z": 0.0
    },
    "zoomRate": 0.4000000059604645
}