{
    "panSpeed": 0.019999999552965164,
    "perspectiveCullingMask": -1,
    "perspectiveFarClip": 4000.0,
    "perspectiveFovY": 30.939720153808594,
    "perspectiveNearClip": 0.10000000149011612,
    "rotateSpeed": 0.004999999888241291,
    "transform3D.pos": {
        "x": 9.152725219726563,
        "y": 5.715740203857422,
        "z": -11.73892593383789
    },
    "transform3D.rotation": {
        "x": 19.609041213989258,
        "y": -36.9453125,
        "z": 0.0
    },
    "zoomRate": 0.4000000059604645
}