{
    "panSpeed": 0.019999999552965164,
    "perspectiveCullingMask": -1,
    "perspectiveFarClip": 4000.0,
    "perspectiveFovY": 30.939720153808594,
    "perspectiveNearClip": 0.10000000149011612,
    "rotateSpeed": 0.004999999888241291,
    "transform3D.pos": {
        "x": 6.422130584716797,
        "y": 9.256837844848633,
        "z": -23.331310272216797
    },
    "transform3D.rotation": {
        "x": 14.45246696472168,
        "y": -19.36591911315918,
        "z": 0.0
    },
    "zoomRate": 0.4000000059604645
}