{
    "panSpeed": 0.019999999552965164,
    "perspectiveCullingMask": -1,
    "perspectiveFarClip": 4000.0,
    "perspectiveFovY": 30.939720153808594,
    "perspectiveNearClip": 0.10000000149011612,
    "rotateSpeed": 0.004999999888241291,
    "transform3D.pos": {
        "x": 7.487181186676025,
        "y": 4.876586437225342,
        "z": -11.800928115844727
    },
    "transform3D.rotation": {
        "x": 14.166007995605469,
        "y": -32.62257385253906,
        "z": 0.0
    },
    "zoomRate": 0.4000000059604645
}