{
    "panSpeed": 0.019999999552965164,
    "perspectiveCullingMask": -1,
    "perspectiveFarClip": 4000.0,
    "perspectiveFovY": 30.939720153808594,
    "perspectiveNearClip": 0.10000000149011612,
    "rotateSpeed": 0.004999999888241291,
    "transform3D.pos": {
        "x": 3.284465789794922,
        "y": 6.141732692718506,
        "z": -16.393566131591797
    },
    "transform3D.rotation": {
        "x": 10.72826099395752,
        "y": -6.8394775390625,
        "z": 0.0
    },
    "zoomRate": 0.4000000059604645
}